i,period,period_spacing,missing
0,0.36242031996105395,0.025809038206442883,1
1,0.3882293581674969,0.02255709939243108,1
2,0.41078645755992793,0.019714904868984768,1
3,0.43050136242891274,0.017230826855492685,1
4,0.4477321892844054,0.01505974267170061,1
5,0.462791931956106,0.013162215095066331,1
6,0.47595414705117234,0.011503775993087974,1
7,0.48745792304426033,0.01005430021795889,1
8,0.4975122232622192,0.00878745839049607,1
9,0.5062996816527153,0.007680238633293565,1
